Type;Name;Address;Telephone;Website;Email
Gold Partner;Scopea;27 rue des 36 ponts 31400 ToulouseFrance;+33 7 83 28 39 25;http://www.scopea.fr;contact@scopea.fr
Gold Partner;Camptocamp SA;EPFL Innovation Park, Bât APSE-A1015 Lausanne Switzerland;+41 21 619 10 10;"http://www.camptocamp.com;  finance.ch@camptocamp.com";info@camptocamp.com
Gold Partner;Smart Information Technologies Ltd;Unit 44d Progress Business ParkOrders LanePR4 2TZ Kirkham United Kingdom;+44 1253 204 537;http://smart-ltd.co.uk/;barry.bullen@smart-ltd.co.uk
Gold Partner;Port Cities Indonesia;Satrio Tower, 12th Floor, Unit 6Jl. Prof. DR. Satrio Kav. C4, Kuningan12950 Jakarta  Indonesia;+62 812 1176 5068;http://www.portcities.net;sales@portcities.net
Gold Partner;GFP Solutions;995 Market St. 2nd FloorSan Francisco, CA 94103United States; (628) 215-0082;;sales@gfpsolutions.com
Gold Partner;aquíH;Via 5 1-36 Zona 4 Edificio Cuatro 36 Oficina 50201004 Guatemala Guatemala;+502 2329-4650;http://www.aquih.com;rodrigo@aquih.com
Gold Partner;apik;1, allée Gustave Eiffel ZA de Botquelen 56610 ARRADONFrance;+33 (0) 6.32.98.84.41;https://apik.cloud/;hte@apik.cloud
Gold Partner;Accomodata BVBA;Oscar Delghuststraat 609600 RONSE Belgium;+32 9 396 21 00;https://www.accomodata.be;info@accomodata.be
Gold Partner;B-informed BV;Markendaalseweg 444811 KC Breda Netherlands;+31 76 5 64 00 63;https://www.b-informed.nl/;office@b-informed.nl
Gold Partner;Odoo Experts B.V.;Vredeweg 1S1505 HH Zaandam Netherlands;+31 88 377 4000;http://www.odooexperts.nl;"erwin@odooexperts.nl; bert@odooexperts.nl"
Gold Partner;erp|open B.V.;Kosterijland 503981 Bunnik Netherlands;"+31318495370; +31318495360; ";https://www.erpopen.nl;ltakkebos@erpopen.nl
Gold Partner;Elico Corporation 上海寰享网络科技有限公司;Room 6 A, 137 Ju Lu Road, Huang Pu District, Shanghai. 200020上海市黄浦区巨鹿路137号6A室200002 Shanghai China;86 21 6211 8017;http://www.elico-corp.com/;contact@elico-corp.com
Gold Partner;Camptocamp France SAS;18 rue du Lac Saint André Savoie Technolac73 370 Le Bourget-du-LacFrance;0458482000;http://www.camptocamp.com;info@camptocamp.com
Gold Partner;ATIT  (ex NOOR IT);Eastern Ring Rd, Ar Rabwah12822 Riyadh Saudi Arabia;+966 53 000 6321;https://atit-sa.com/;odoo@atit-sa.com
Gold Partner;Sudokeys;1 bd ferdinand de Candau 40000 Mont de MarsanFrance;+33 5 63 26 56 61;http://www.sudokeys.com/;patrick@sudokeys.com
Gold Partner;Intero Technologies GmbH;Heinrich-Heine-Ring 7618435 StralsundGermany;+493831445570;http://www.intero-technologies.de;R.Hannaske@intero-technologies.de
Gold Partner;Novobi;8920 Business Park Dr.Suite 250Austin, TX 78759United States;512-522-2837;http://www.novobi.com;contact@novobi.com
Gold Partner;OBS Solutions GmbH;Am Ochsenhagen 457462 OlpeGermany;+49 211 78172511347;http://www.odoo-bs.com;info@odoo-bs.com
Gold Partner;Bista Solutions Inc.;3295 River Exchange DriveSuite 150Norcross, GA 30092United States;858 401 2332;http://www.bistasolutions.com/;shahid.bandarkar@bistasolutions.com
Gold Partner;Vauxoo S.A. de C.V.;Venustiano Carranza 1726 Altos Col. Residencial Esmeralda28017 Colima EMXMexico;+52 (312) 159.38.43;http://www.vauxoo.com/;ventas@vauxoo.com
Gold Partner;Archer Solutions;374A North 90 StreetNew Cairo11835 New Cairo CEgypt;+202 2537 8809;http://www.archer.solutions;tamer@archer.solutions
Gold Partner;Open Net Sàrl;Rue de Genève 771004 Lausanne Switzerland;+41 21 701 42 45 ;www.open-net.ch;info@open-net.ch
Gold Partner;OdooTec;4227 Hail street Albughdadiya Algharbiya JEDDAH 22234 - 44435th FLOOR OFFICE NO. 122234 Jeddah Riyadh Dammam Saudi Arabia;+966502973504;http://www.odootec.com;odoo@odootec.com
Gold Partner;Idealis Consulting;Fond Jean Pâques 41348 Mont-Saint-Guibert Belgium;+32 2 896 94 90;http://www.idealisconsulting.com;compta@idealisconsulting.com
Gold Partner;Callista;Industrielaan 5 bus 12950 Kapellen Belgium;03/369.90.29;http://www.callista.be;sofie@callista.be
Gold Partner;openfellas GmbH;Brudermühlstraße 1481371 MünchenGermany;+49 89 716 723 760;http://www.openfellas.com ;johannes.nordhaus@openfellas.com
Gold Partner;WilldooIT ;10/435 Williamstown Road Port Melbourne 3207  Victoria Australia;+61 3 9135 1900;http://www.willdooit.com;"info@willdooit.com ; accounts@willdooit.com"
Gold Partner;DynApps nv;DynApps N.V.Antwerpseweg 12440 Geel Belgium;+32 (0)3 547 03 30;http://www.dynapps.be;admin@dynapps.be
Gold Partner;brain-tec AG;Technoparkstrasse 1 CH-8005 Zürich Switzerland;+41 44 552 01 20;http://www.braintec-group.com;gl@braintec-group.com 
Gold Partner;Grupo Xmarts, S.R.L. de C.V.;Francia 1474Col. Moderna44190 Guadalajara MEXMexico;+52 33 4164 7700;http://www.xmarts.com;mexico@xmarts.com
Gold Partner;Arche TI;2043 St-Zotique EstMontreal,  H2G 1J4Canada;(833) 767-6366;http://Archeti.ca;info@archeti.com
Gold Partner;Logicasoft;LogicasoftRUE KEFER, 145100 Jambes Belgium;+32 475 96 54 43;https://www.logicasoft.eu/odoo;jean-christophe.perrot@logicasoft.eu
Gold Partner;Eezee it;Rue Léon Deladrière, 15 1300 Limal Belgium;+32 10 87 00 24;http://www.eezee-it.com/;veronique.lagae@eezee-it.com
Gold Partner;Open Source Integrators;1706 Plum LaneSuite 127 Redlands, CA 92408United States;+1 (855)-877-2377;http://www.usaodoo.com;rradford@opensourceintegrators.com
Gold Partner;Captivea USA;13001 Founder's Square DriveOrlando, FL 32828United States;;https://www.captivea.us;contactus@captivea.us
Gold Partner;iterativo;Rafael Augusto Sánchez 86, PiantiniRoble Corporate Center Santo Domingo Dominican Republic;+1 829 956 5191;https://iterativo.do/;hello@iterativo.io
Gold Partner;Digital Information Strategy S.A. (Delfix Tecnosoluciones);Digital Information Strategy S.A.​De Plaza de Sol 200 metros sur y 25 este Curridabat SJCosta Rica;+506 400 1319;http://www.delfixcr.com/;ventas@delfixcr.com
Gold Partner;ASELCIS Consulting, S.L.;Paseo de la Castellana, 141, Planta 19Edificio CUZCO IV28046 Madrid Spain;;www.aselcis.com;carlos.catalina@aselcis.com
Gold Partner;ADHOC;Ovidio Lagos Bis 412000  Rosario  Argentina;+5493412080203;https://www.adhoc.com.ar/r/mYV;info@adhoc.com.ar
Gold Partner;IFE GmbH;Walderseestr. 1330177 HannoverGermany;+49 511 93688 100;http://www.ife.de/;interesse@ife.de, buchhaltung@ife.de
Gold Partner;SystemWorks;5 Kenilworth CrescentKenilworth7708 Cape Town South Africa;+27 82 3133876;http://www.systemworks.co.za/;liz@systemworks.co.za
Gold Partner;Serpent Consulting Services Pvt. Ltd.;301, Siddhraj Zavod,Nr Kh-0 Circle, Vasna Hadmatiya,Gandhinagar 382423 India;+91 93767 05152 , +91 90334 72982, +91 98793 54457;http://www.serpentcs.com/;contact@serpentcs.com
Gold Partner;Prodigia;Torre N2, Primer Piso, Interior 3.Blvd. A. Quiroga 21. Quinta Emlia83214 Hermosillo SONMexico;+52 (662) 210 4963;http://prodigia.mx;ramon.martinez@prodigia.com.mx
Gold Partner;Acsone;Waterloo AtriumDréve Richelle 1671410 Waterloo Belgium;+32 2 8883120;www.acsone.eu;info@acsone.eu
Gold Partner;Simpl!t ME;Al-Hamra Building, Floor 5, S 502 Salem Almubarak Street0 Salmiya Kuwait;+965 257 500 04;http://simplit.me;info@simplit.me
Gold Partner;OERP Canada;1140-3280 Bloor St. WestToronto,  M8X 2X3Canada;1.833.ERP.ODOO;https://www.oerp.ca;info@oerp.ca
Gold Partner;ecoservice;Karl-Kellner Str. 105 J30853 LangenhagenGermany;+49 511 70037620;https://www.ecoservice.de/page/homepage;neubert@ecoservice.de
Gold Partner;Smile France;20 Rue des Jardins 92600 Asnières-sur-SeineFrance;+33 1 41 40 11 00;http://www.smile.fr;commercial.bs@smile.fr
Gold Partner;Sismatix Information Systems;Kuwait m Fahd Alsalem st 55 St. Elite Tower, Floor 10., Kuwait City Kuwait;+965 22450300/900 & +965 67087771;http://www.sismatix.com;info@sismatix.com
Gold Partner;Grupo OLA;Santo Domingo, casa 3a Heredia Costa Rica;+506 71083168;https://grupoola.odoo.com;equiros@grupoola.net
Gold Partner;Karizma Conseil;9, Rue Chatila Palmier (Bd Abdelmoumen Station Tram Wafasalaf)20200 Casablanca Morocco;+212 522 950 976 // +212 661 98 45 59;http://www.karizma.ma;moufid@karizma.ma 
Gold Partner;Somko Consulting Bvba;Kwadestraat 149, bus 2.1 Gebouw C8800 Roeselare West-VlaanderenBelgium;+3251 24 93 89;http://www.somko.be;info@somko.be
Gold Partner;IT software & consulting S.R.L.;Bello Horizonte A - 5. Int 601. Yanahuara. AREQUIPA.Loma de las gardenias 122 of 201. Sant. de Surco. LIMA04000 Lima LimaPeru;+51982546113;http://www.itgrupo.net;ventas@itgrupo.net
Gold Partner;Toolkit inc;7F 8101 Pearl Plaza Pearl Drive Pasig CityOrtigas Center,1600 Pasig City Philippines;(632) 72151711;www.toolkt.com;info@toolkt.com
Gold Partner;BB HOSTMARKETING S.L;C/ Major 2608849 Barcelona Spain; +34 936763418;http://www.dmpyme.com;info@dmpyme.com
Gold Partner;Jarsa Sistemas, S.A. de C.V.;Gardenias #49 Torreón Jardín27200 Torreon COAMexico;+528713125115;http://www.jarsa.com.mx;info@jarsa.com.mx
Gold Partner;OS Consulting Group Limited;杨浦区国定东路200号2号楼5楼 上海 China;+86 21 6437 7737;http://www.oscg.cn/;sales@oscg.cn
Gold Partner;SprintIT;Atomitie 5 B00370 Helsinki Finland;+358 50 5378602;http://www.sprintit.fi;info@sprintit.fi
Gold Partner;IT SYS Corporation;6th of October Cairoblock 17/15 6th of October Cairo Egypt;+0201023330467;http://www.it-syscorp.com;ayman.rawy@itsyscorp.com
Gold Partner;Grow IT;Km 17 autopista Duarte Santo Domingo Dominican Republic;1-849-288-2728;http://www.growit.com.do;info@growit.com.do
Gold Partner;Datenpol gmbh;Stifterstraße 31(2nd office: Wiedner Hauptstraße 135/B3,  1050 Wien)4020 Linz Austria;+43 732 997 035 0;http://www.datenpol.at;stefan.wailand@datenpol.at
Gold Partner;Nanobytes Informática y Telecomunicaciones S.L.;Nanobytes Informática y Telecomunicaciones S.L.Calle Toledo 1 local 7 de Churriana de la Vega18194 Granada GRSpain;+34 958 574 702;http://www.nanobytes.es/;odoo@nanobytes.es
Gold Partner;Subteno IT;27 Avenue Jean Mantelet 61000 ALENCONFrance;+33 2 33 ­31 22 10;http://www.subteno-it.com;edu@subteno-it.com
Gold Partner;PT Arkana Solusi Digital;Victoria Hills Business Park 33DDepok, Jawa Barat16431 Depok Indonesia;+62 811 1088 622;https://arkana.co.id;info@arkana.co.id
Gold Partner;Agile Business Group Italy;Via Reno 1521057 Olgiate Olona Italy;+39 011 198 25 481;agilebg.com;info@agilebg.com
Gold Partner;Aunéor Conseil;Breau Srvce Crdnl 400Ch.Pont De La Sable84800 L'Isle-sur-la-SorgueFrance;+339.72.63.50.88 ;http://www.auneor-conseil.fr/;crm@auneor-conseil.fr
Gold Partner;Focusate, UAB;J. Galvydžio g. 1108236 Vilnius Lithuania;+37069922 456;http://www.focusate.eu;info@focusate.eu
Gold Partner;InfinityLoop Sistemas, S.L.;Calle Matías Padrón 97, piso 4, puerta A435004 Las Palmas de Gran Canaria Spain;+34 928 38 37 72;http://www.infinityloop.es;africa@infinityloop.es
Gold Partner;Digimedio BV;Nijverheidsstraat 82390 Malle Belgium;+32 3 321 20 10;https://www.digimedio.be/;Tony.crols@comitor.be
Gold Partner;Openforce srls Unipersonale;Via Mercantini, 263827 Pedaso Italy;+393200468150;http://openforce.it;info@openforce.it
Gold Partner;Sodexis, Inc.;421 Montgomery Rd. Suite 161Altamonte Springs, FL 32714United States;1-833-SODEXIS (763-3947);http://www.sodexis.com;skeller@sodexis.com
Gold Partner;Grupo Quanam;Av. Circunvalación Golf Los Inkas 206-208 - Santiago de Surco.Distrito San Isidro15023 Santiago de Surco - Lima Peru;+51 994833053;http://www.grupoquanam.com ;ac@grupoquanam.com
Gold Partner;Aardug - RMO;Reggestraat 797468 EJ Enter Netherlands;+31 547 389 020;http://aardug.nl;aardug@gmail.com
Gold Partner;IntelliSoft Software ;Estate No. 14/208, Block No.11, Al-Ma'arad St., El-Shatty Neighbourhood,Burri El-Lamab Khartoum Sudan;+249900902707 ;http://www.intellisoft.sd;mustafa@intellisoft.sd
Gold Partner;Centione;22 Fareek Awal Ali Amer - From Makram ebed ,   Nasr City  3 Police Tower – Hafez Ramadan st , From Makram ebid , Nasr City 11531 Cairo CEgypt; +201112281724;http://www.centione.com ;Sales@centione.com
Gold Partner;Roaya;2 Ibrahim Al Alfy, San Stifano, Qism El-Raml21532 Alexandria Egypt;;http://roayadm.com/;sales@roayadm.com
Gold Partner;Falinwa Limited 法林瓦管理咨询（深圳）有限公司;Room 30C, Block 2, Du Shi Yang Guang Ming Yuan, Futian District, Shenzhen/深圳市福田区车公庙都市阳光名苑2栋30C Che Gong Miao518042 Shenzhen/深圳 China;0755-86586490;www.falinwa.com;sales@falinwa.com
Gold Partner;ARXI;Rua Lino António n1 R/C Esq2410 Leiria Portugal;+351919623599;http://www.arxi.pt;geral@arxi.pt
Gold Partner;LANDOO Sistemas de Información S.L.;P. Empr. Zuatzu, edif. UrumeaZubiberri  bidea 31, pl. 2, ofic. 320018 San Sebastian Spain;943 568 663;http://www.landoo.es;info@landoo.es
Gold Partner;AITIC;Av. Riestra 60331439 Capital Federal Argentina; +54 11 4601-7261;https://www.aitic.com.ar/contactus/survey_label;info@aitic.com.ar
Gold Partner;Mit Mut by Lajapyme, S.A. de CV;INSURGENTES SUR 601 14-116INSURGENTES SUR 601 PISO 14 OFICINA 116 COLONIA NAPOLES03800 BENITO JUAREZ EMXMexico;+(52) 5555 43 2574;http://www.mit-mut.com;info@mit-mut.com
Gold Partner;PT. Sinergi Data Totalindo;Jl. Barito II no. 11, Kebayoran Baru12130 Jakarta Indonesia;+62811997381;http://www.sinergidata.co.id;arimatea@sinergidata.co.id
Gold Partner;Prixgen Tech Solutions Private Limited;#244, Kalabhairaveshwara Complex,1st Stage, Niveditha Nagara,Mysore 570022Karnataka KAIndia;+91-9930057159;http://www.prixgen.com;karthik@prixgen.com
Gold Partner;Pragmatic;Cra 103B # 152-51 Oficina 05-06 Torre 1111161 Bogota Colombia;3142990681 - 3112374353;;ventas@pragmatic.com.co
Gold Partner;QubiQ 2010, S.L;C/Pamplona, 92, 3º/5ª08018  Barcelona Spain;+34 931 797 762;http://www.qubiq.es;info@qubiq.es
Gold Partner;Syentys SA;4 RUE FERDINAND FLOCON 75018 ParisFrance;+33 6 03 23 20 37;http://www.syentys.com/;sales@syentys.com
Gold Partner;Hermec Consulting;Ave. Balboa, PH Bay View, Piso 8 , Oficina 803 Panama Panama;+(507) 394-8250;http://www.hconsul.com; ventas@hconsul.com
Gold Partner;WEDOO - Mexico ;Mariano Escobedo 373Col. Polanco11560 Ciudad de México EMXMexico;;http://www.wedoo.tech;odoomex@wedoo.tech
Gold Partner;Plementus;13 Banfasag 9, Mohamed Naguib AxisWater Way New Cairo Egypt;+20 106 059 9003;;Ibrahim@plementus.com
Gold Partner;Rapsodoo Italia S.r.l.;Via Vacuna 107-10900157 Roma Italy;+39 06 4 50 36 73;https://www.saydigital.it/;info@saydigital.it
Gold Partner;ECOSOFT, S. de R.L. de C.V.;Watteau 54, Colonia Nonoalco MixcoacDelegación Benito Juárez03700 Ciudad de México EMXMexico;+52 55 55 636355 ext. 104 o 120;http://www.ecosoft.com.mx;icortes@ecosoft.com.mx
Gold Partner;Akarigo Ltd;20-22 Wenlock RoadN1 7GU London United Kingdom;;;peters@akarigo.com
Gold Partner;White Code Information Technology;Cairo Arkan Plaza Plot 31 El Sheikh Zayed, Building #4  Cairo Egypt;+2 01223222576;http://white-code.co.uk/;info@white-code.co.uk
Gold Partner;erpSOFTapp;1st Floor Rear Wing Captain House, 34 Aje Road, Off Commercial Avenue Sabo Lagos Nigeria;+234 8086202745;http://erpsoftapp.com;info@erpsoftapp.com
Gold Partner;Piensom;5ª. Avenida 15-45 Centro Empresarial, Torre II, Oficina 204, Zona 1001010 Guatemala Guatemala;+502 2290-8510;http://www.piensom.com/;info@piensom.com
Gold Partner;EJAF Company for General Trading and Technology - LTD;Erbil :100m Road, Dream City , Villa # 1201Baghdad: Al mansour - Al Ameerat St.44001 erbil Iraq;+964 773 4931778 / +964 750 2332419;http://www.ejaftech.com   ;a.rabee@ejaftech.com
Gold Partner;Pioneer Solutions;Salah udeen RoadAl-Malaz , PO BOX 2670611496  Riyadh Saudi Arabia;+966 11 4737 008;www.ps-sa.net;ahmedelatawy@ps-sa.net
Gold Partner;AARSOL Private Limited;ARSOL Private Limited 56, Street 3, MPCHSE-11/1 Islamabad  Pakistan Islamabad Pakistan;+92 (51) 8350770,  +92 3000 341 343;http://www.aarsol.com;farooq@aarsol.com
Gold Partner;COMPAÑÍA OPA OPTIMAL ADVISE CONSULTING S.A.;Kennedy Norte / Miguel H. Alcivar y Angel Barrera / Edificio Arquetipo III129 solar 2090112 Guayaquil Ecuador;+593 (4) 268-3448 / +593 (98) 634-3380;;pochoa@opa-consulting.com
Gold Partner;ZAD Solutions;63 Syria St. Mohandessin Giza 1Egypt;+20233021123-4;http:// http://www.zadsolutions.com;info@zadsolutions.com
Gold Partner;Brainvire Infotech Inc.;6600 Chase Oaks Boulevard, Suite 150Plano, TX 75023United States;+1 (631) 897-7276;https://www.brainvire.com/;info@brainvire.com
Gold Partner;Vauxoo;Edificio Sigma, Oficentro Republic Edificio A,2do Piso   C.P.  Montes de Oca11502 San José Costa Rica;+506 4000 2677;http://www.vauxoo.com;ventas@vauxoo.com
Gold Partner;Appness Technology Co.Ltd.;KRT - Block 2AE Khartoum  Sudan; +249900910101;http://www.app-ness.com;"mohamed@app-ness.com ; nada@app-ness.com"
Gold Partner;Havi Technology;HAVI TECHNOLOGY PTY LTDLevel 21, 133 Castlereagh Street2000 Sydney Australia;1300 696 366;http://havi.com.au;info@havi.com.au
Gold Partner;Strategic Dimensions;138 West Street, SandownWilliam Nicol Rd, cnr Leslie Ave2196 Sandton South Africa;+27 11 513 4173;www.strategicdimensions.co.za;info@strategicdimensions.co.za
Gold Partner;CIEL IT S/A;Calçada dos Mirtilos, 33 - Alphaville06453-019 Barueri / São Paulo Brazil;+55 (11) 4134-0475;http://www.ciel-it.com;sales@ciel-it.com
Gold Partner;axxelia GmbH;Wilhelmstraße 879098 FreiburgGermany;+49 761 88 79 52 22;https://www.axxelia.com/;sales@axxelia.com
Gold Partner;Point Perfect Transcription Services (India) Pvt. Ltd (PPTS);7th floor, Tower 1-A, India Land Tech Park, CHIL SEZKeeranatham Village, SaravanampattiCoimbatore 641035 India;+1 408 520 9706;http://www.pptssolutions.com/;business@pptservices.com
Gold Partner;Azkatech;Military hospital St.1008 Beirut Lebanon;+9613123977;https://azka.tech;shadi.moadad@azka.tech
Gold Partner;Consultoría Informática Studio73, S.L.;Avda. Albaida 34, 4º, 14ª46870 Ontinyent Spain;+34961911279;http://studio73.es;jordi@studio73.es
Gold Partner;Alitec Pte Ltd;1 Pemimpin Drive, One Pemimpin576151 Singapore Singapore;62622001;https://www.alitec.sg;sales@alitec.sg
Gold Partner;RIGHTECHS Solutions;1G/4 Elsheikh Elshaarawy Street ,4th floorNew Maadi0 Cairo Egypt;00201006243796;http://rightechs.net;sales@rightechs.net
Gold Partner;ArkeUp;23 boulevard Poissonnière 75002 ParisFrance;+33179973620;http://www.arkeup.com;odoo@arkeup.com
Gold Partner;Konos;Cerro Colorado 5870, Of 205. Las Condes Santiago Chile;+56228483063;http://www.konos.cl;info@konos.cl
Gold Partner;Appness Technology Co.LTD ;Zawaya Building No. 1537/1, Way No. 5026 Ghala 133 Muscat Oman;+96895926119;;"mohamed@app-ness.com ; mona@app-ness.com"
Gold Partner;7th Computing;No.1217, 5th Floor , Pin Lon Road, North Dagon TownshipBotataung Township Yangon Myanmar;+959 73054903, +959 260023714;www.7thcomputing.com;phyo@7thcomputing.com, pontpont@7thcomputing.com
Gold Partner;iSky Development;iSky Development7th Floor - Silver Mall 6th of October GZEgypt;+20238326694;http://www.iskydev.com/;mzakaria@iskydev.com
Gold Partner;Todoo.co;Carrera 28 No 72-36Alcazares111211 Bogota Colombia;57 1 7562696;https://www.todoo.co/en/;ask@todoo.co
Gold Partner;GLOBAL CREATIVE CONCEPTS TECH CO LTD [ iWesabe ];Building: 3884, First Street34623 AL KHOBAR Saudi Arabia;+966 570905656;https://www.iwesabe.com;odoo@iwesabe.com
Gold Partner;Solution Founder ;Al Tadaman, Al Arabi Street, Al Enjaz Center,1st Floor, Office 3 Jeddah - RIYADH - DAMMAM Saudi Arabia;+966 553 611 503  +966 570 786 312;http://www.solutionfounder.com/;hi@solutionfounder.com
Gold Partner;Sakya;Cra 9 127C - 60. Oficina 2010 Bogota Colombia;+57 (315) 642-9959;http://www.sakya.co;ventas@sakya.co
Gold Partner;Estrategias y Soluciones en IT SA de CV;Mexicaltzingo 1987 interior 201Colonia Barrera44150 Guadalajara JALMexico;+52 1 33 31266969;http://www.estrasol.com.mx;odoo_leads@estrasol.com.mx
Gold Partner;Enabling Ltd;15B Vestey DriveMt Wellington Auckland New Zealand;+6421667090 ;http://www.enabling.co.nz;raju@enabling.co.nz
Gold Partner;GRUPO TREMING S.A. de C.V.;Calle y Colonia La Mascota, 235A San Salvador El Salvador;25063636;http://www.treming.com;wac@treming.com
Gold Partner;Acsone Luxembourg;Zone Industrielle 228287 Kehlen Luxembourg;;www.acsone.eu;admin_lu@acsone.eu
Gold Partner;Falinwa Indonesia;Letjen S. Parman Kav. 28, RT.3/ RW.5Tanjung Duren Selatan, Kota11470 Jakarta Indonesia;Office: (021) 30033376;https://www.falinwa.com;sales_indo@falinwa.com
Gold Partner;OAKLAND - odooERP.ae;Balrasheed Building, Buhaira Corniche Sharjah United Arab Emirates;+971 56 747 3600;http://www.odooerp.ae;info@odooerp.ae
Gold Partner;STRATEGIC CONEXION STRACONX S.A.;ELIZALDE 119 Y PICHINCHA OFIC 35EC009154 Guayaquil Ecuador;;http://straconx.com;hola@straconx.com
Gold Partner;Solnet Solutions Limited;70 The Terrace Wellington 6011 New Zealand  Find Solnet Wellington on Google  Postal Address PO Box 397 WellinBrookfields House19 Victoria Street West1010 Auckland New Zealand;+64 9 977 5800;https://solnet.co.nz/;kevin.mcmenamin@solnet.co.nz
Gold Partner;Gfi Luxembourg S.A.;Rue d'Eich 331461 Luxembourg Luxembourg;+352 436522 225;https://www.gfi.lu/;eric.fornacciari@gfi.lu
Gold Partner;Ever Business Solutions S.a.l;Khoury Building, Mar Mansour Street, El Metn Naccache Lebanon;+961 3 397 239 / +961 4 520 445-6;https://everbsgroup.com/;info@ever-bs.com
Gold Partner;Gerry's Information Technology (Pvt.) Ltd;Shahra-e-Faisal75350 Karachi | Lahore | Islamabad | Faisalabad  Pakistan;+92 331 8383066;http://www.gerrys.net/gapps.html;saad.alam@gerrys.net
Gold Partner;Morwi Encoders Consulting SA de CV;Av. Frida Kahlo 195, Haciendas de la Sierra, Edif. Vértice Piso 1566260 San Pedro Garza García NLMexico;86258220;http://www.morwi.mx/;david.melendez@morwi.mx
Gold Partner;Port Cities Vietnam;Tầng 15, tòa nhà LIM II62A Cách Mạng Tháng Tám, Phường 06, Quận 3 Ho Chi Minh City Vietnam;+84 375 596 433;http://www.portcities.vn;sales@portcities.vn
Gold Partner;eTech ;Immeuble AQUAMADRoute du Pape, Anosivavaka Alarobia Madagascar;;http://www.etechconsulting-mg.com;etech@etechconsulting-mg.com
Gold Partner;Cybrosys Techno Solutions Pvt.Ltd;Neospace, Kinfra Techno Park,Kakkancherry, Calicut University P.O.,Calicut 673635 India;+91-8606827707;https://www.cybrosys.com;odoo@cybrosys.com
Gold Partner;Port Cities Malaysia;8, Lengkok Abdullah 59 000 Bangsar,0 Kuala Lumpur Malaysia;+60 183 815 114;http://www.portcities.net;malaysia@portcities.net
Gold Partner;IZISolution Company Limited;Duy Tan, Cau Giay,122000 Hanoi Vietnam;0964578234;http://izisolution.vn/;administrator@izisolution.vn
Gold Partner;BESCO Consulting;Lotus Building (5th floor), 16 Cuu Long Street,Ward 2, Tan Binh Dist., Ho Chi Minh City Vietnam;+84 916 888 159;http://www.besco.vn/;info@besco.vn
Gold Partner;Trobz;119-121 Ung Van KhiemBinh Thanh District0 Ho Chi Minh City Vietnam; +84902049800;https://trobz.com/;contact@trobz.com
Gold Partner;Dymaxel Systems (Private) Limited;Office #908, 9th Floor, Park Avenue, Main Shahra-e-Faisal75500 Karachi Pakistan;+923111770076, +923341243350;;info@dymaxel.com
Gold Partner;PROCESS CONTROL SCCL;Avda. Vía Augusta 85-87, 3ª Planta, Oficina 208174 Sant Cugat del Vallés Spain;+34932296810;http://www.processcontrol.es;sergi.ramia@processcontrol.es
Gold Partner;SLNEE;Alnad province slnee Riyadh Saudi Arabia;+966‭50 419 7779‬;http://www.slnee.com;contact@slnee.com
Gold Partner;Emipro Technologies Pvt. Ltd.;2nd Floor, “Shyamantak”, Everest Park,Near Hotel Regenta RPJ, Nana Mava, Kalawad Road,Rajkot 360005 India;+918160517628;http://www.emiprotechnologies.com;info@emiprotechnologies.com
Gold Partner;Teclib';390 Rue Saint Honoré  75 001 PARISFrance;+33 1 79 97 02 78;http://www.teclib-erp.com;odoo@teclib-erp.com
Gold Partner;NextHope;IIJ 173B Ivandry1010 Antananarivo Madagascar;+261 32 03 020 20 ;http://www.nexthope.net;contact@nexthope.net
Gold Partner;FOSS INFOTECH PRIVATE LIMITED;145, 5th Street, Sakthi Avenue,VellakinarCoimbtore 641 029Tamil Nadu TNIndia;+91 90039 11501;http://www.fossinfotech.com;subash@fossinfotech.com
Gold Partner;Go To Market Dynamics;14-Moustafa Refaat st,. 6th Floor  Sheraton Heliopolis  Cairo 1Egypt;+20222696859;http://www.G2Mdx.com;ibrahim.saber@g2mdx.com
Gold Partner;Captivea;159 Allée Albert Sylvestre 73000 ChambéryFrance;+33 4 56 64 82 25;http://www.captivea.com;contact@captivea.com
Gold Partner;ITConsulting;Residencial Ciudad Real. Bloque 6, # 16.16300 Managua Nicaragua;+505 8553 7300;;fdelanuez@itc.services
Gold Partner;NISUS SOLUTIONS (PVT) LTD;Colombo 2000 PlazaNew Hospital Road 25 Sri Jayewardenepura10250 Nugegoda Sri Lanka;+94 112 799300;https://nisus.lk/;shiraj@nisus.lk
Gold Partner;Blueback B.V.;Scharlooweg 310 Willemstad Curaçao;+5999 4650225;;info2@blueback-office.com
Gold Partner;Auguria;10 rue de la Paix 75002 ParisFrance;+33 1 88 32 92 90;https://www.auguria.fr;cyrille.delambert@auguria.fr
Gold Partner;Pyval;9 rue Mootamid Ibn Abbad, Résidence Ibn Khatib N°27N° 8 Quartier Maârif90000 Tanger Morocco;+212 661939935;https://pyval.com/;contact@pyval.com
Gold Partner;Systeg (Sistemas Administrativos Aplicados en Software Contable, S.A. de C.V.);Ave. Lopez Mateos Norte 95 Edificio Midtown Piso 2444270 Guadalajara JALMexico;3336620263;;rrodriguez@systeg.mx
Gold Partner;Blackware Technologies Inc.;C.P. 514200 Boulevard LacroixSaint-Georges, QC G5Y 5C4Canada;+18882285755;http://blackwaretech.com/;sales@blackwaretech.com
Gold Partner;INTEGRATED PATH المسار المتكامل;District 102, Lane 33, Bldg 103, Floor 6, Al Saadoon Street Baghdad Iraq;+964 (0) 773 114 4339, +964 (0) 783 114 4339;http://www.int-path.com;info@int-path.com
Gold Partner;Invosa Systems;Fuji Training Center BuildingJl H Saimun 4, Cibitung Bekasi 17520 Bekasi Indonesia;+62-2188361523;http://www.invosa.com;marketing@invosa.com
Gold Partner;Modoolar;Obilicev venac 18-20 Belgrade Serbia;+381 11 4237525;http://www.modoolar.com;info@modoolar.com
Gold Partner;BumanIT;25th building, 2nd khoroo, Choimbol streetChingeltei discrict Ulaanbaatar Mongolia;+976 77107070;http://www.bumanit.mn/;info@bumanit.mn
Gold Partner;SPEARHEAD International Inc.;Km. 3.5, Av. Juan Tanca MarengoLot. Satirón, G#8090608 Guayaquil  Ecuador;;http://www.spearhead.global;info@spearhead.global
Gold Partner;Port Cities Singapore Pte. Ltd.;531A Upper Cross Street #04-98Hong Lim Complex Singapore Singapore;+65 9780 1843;https://www.portcities.net/;singapore@portcities.net
Gold Partner;UNOOBI S.A. DE C.V.;Mier y Pesado, 14Del Valle Norte03103  DIFMexico;+52 55 4169 6956;http://www.unoobi.com;info@unoobi.com
Gold Partner;Achieve Without Borders, Inc;Mascardo StUnt203,Global Twr Bg,2029Gen Mascardo St1223 Barangay Bangkal,Makati Philippines;+639178422596;http://achievewithoutborders.com;roovin.estrellanes@achievewithoutborders.com
Silver Partner;EST-POS OÜ;Narva mnt 351009 Tartu Estonia;+372 7 400 666;https://estpos.ee/;info@estpos.ee
Gold Partner;Klystron Global LLC;Office # 03128 -  KOM - 3Knowledge Oasis Muscat Oman;+968 99473259 &+968 95364267;http://www.klystronglobal.com;vigneshpm@klystronglobal.com
Silver Partner;Dootix Sàrl;Rue de Battentin 211630 Bulle Switzerland;+41269185064;http://www.dootix.com;info@dootix.com
Gold Partner;brain-tec Germany GmbH;Otto-Lilienthal-Strasse 36D-71034 BöblingenGermany;+49 7031 98 69 011;http://www.braintec-group.com;info@braintec-group.com
Gold Partner;Unified Solutions Platform;Prince Fawaz Bin Abdulaziz StP.O.Box52311421 Rabwah 12824Saudi Arabia;+966548890239;;info@usp.sa
Gold Partner;Captivea USA - West coast;4470 W Sunset Blvd#92943Los Angeles, CA 90027United States;(407) 392-2217;https://www.captivea.us;contactus@captivea.us
Gold Partner;GSK for Information Technology ;Ahmed Khair StreetNear Ozone Khartoum Sudan;;https://www.gsk-sd.com/;info@gsk-sd.com
Silver Partner;Nubeo SPRL;Rue Carlos Gallaix, 191 7521 Tournai HainautBelgium;+32 69 60 10 61;http://www.nubeo.be;laurent@nubeo.be
Silver Partner;E3K Gestion Globale SENC;114 Chemin du TremblayBoucherville Boucherville, QC J4B 6Z6Canada;+1 514-316-6650;http://www.e3k.co;blaprise@e3k.co
Silver Partner;Yoma;B2R3, MICT ParkHlaing0 Yangon Myanmar;0998 463 7096, 0996 465 2264;http://www.yomatechnologies.com/;info@yomatechnologies.com
Silver Partner;BHC;Parc Scientifique InitialisBlvd Initialis87000 Mons Belgium;+32 65 33 69 00;www.bhc.be;"sales@bhc.be;bertrand.hanot@bhc.be"
Silver Partner;ASESORES Y SOLUCIONES ANFEPI, SC;Paseo 60, Calle 60 # 346 4° Piso, Zona Paseo Montejo, CentroFraccionamiento Las Fincas97000 Merida YUCMexico;5529096456;http://www.anfepi.com;rrequejo@anfepi.com
Silver Partner;Sati;Juan de Salazar Esquina WashingtonEd. Itasa 5to piso Asunción  000Paraguay;;http://www.sati.com.py;info@sati.com.py
Silver Partner;VK DATA ApS;Bønderbyvej 21216270 Tønder Denmark;+45 73 73 88 88;http://www.vkdata.dk;visti@vkdata.dk
Gold Partner;Komit Consulting;204/34 Nguyen Van HuongThao Dien D2/ Ho Chi Minh City Vietnam;+84 906 913 469;;contact@komit-consulting.com
Gold Partner;Grant Thornton S.L.P.;Paseo de la Castellana 8128046 Madrid Spain;+34 91 576 39 99 (centralita) / +34 91 399 41 19 (directo);http://www.grantthornton.es/;leads.odoo@es.gt.com
Silver Partner;ATRIVIA SRL;Av. Marginal Núñez de Cáceres #366, Corporativo NC Suite 402 · El MillónGithub ID: atrvia0 Santo Domingo Dominican Republic;+1 (809) 373-0017;http://atrivia.do/;info@atrivia.do
Silver Partner;Inspired Software Pty Ltd;2/47 Cassola PlacePenrith2750 NSW NSWAustralia;1300 723 313;http://www.inspiredsoftware.com.au;accounts@inspiredsoftware.com.au
Gold Partner;OBS Solutions Schweiz;Hochbergerstrasse 704057 Basel Switzerland;+41 61 508 72 99;http://www.odoo-bs.com;info@odoo-bs.com
Silver Partner;Target Integration Ltd.;Grosvenor House, 11, St Paul's SquareSt Paul's SquareB3 1RB, Birmingham United Kingdom;+44 121 285 5684;www.targetintegration.com;uk@targetintegration.com
Silver Partner;Optesis;Rue1 X R.Ziguinchor Pnt E Ible Y.F.Dieng25 195 Dakar Senegal;+221 33 869 41 00;http://www.optesis.com;ibrahima.gueye@optesis.com
Silver Partner;Blueorange Group S.R.L.;San lorenzo 2324 1B1650 San Martín Argentina;+54 (11) 15-3834-9223;http://www.blueorange.com.ar;leandro@blueorange.com.ar
Silver Partner;Linserv AB;Nybodagatan 4Enhagslingan 1B171 42 Solna Sweden;+46 70 969 09 20;http://www.linserv.se/;stephen.schmidt@linserv.se
Silver Partner;Avatud Lahendused OÜ;Pärnu mnt. 10511312 Tallinn Estonia;+372 504 7761;http://www.avalah.ee/;egon@avalah.ee
Gold Partner;ERPify USA, Inc.;649 Mission StreetSan Francisco, CA CA 94105United States;+1 9 253 925 392;;az@ERPify.biz
Silver Partner;Alpiek B.V. ;Schijfstraat 85061 BK Oisterwijk Netherlands;+31853330008;https://odoo.nl/alpiek-bv/;bart@alpiek.nl
Silver Partner;Eggs-Solutions;172 avenue du stade Le cinepole – Bat D42170  St Just St RambertFrance;+33 4 28 04 01 42;www.eggs-solutions.fr;sbesson@eggs-solutions.fr
Silver Partner;Confianz Global Inc;128 S Tryon St21st FloorCharlotte, NC 28202United States;1 704 215 4622;http://www.confianzit.com/;melissa@confianzit.com
Gold Partner;Ever Business Solutions LLC;Hor Al Anz, P.O. Box: 9573 Dubai United Arab Emirates;+971 56 176 6533;http://www.everbsgroup.com;info@ever-bs.com
Silver Partner;OSSE - Oficina de Soluciones y Servicios Empresariales;Av. Aviación 3383, Of 402, San Borja Lima Peru;+51 983 588 281 / +51 99277 4277;http://www.osse.com.pe/;servicios@osse.com.pe
Gold Partner;Nanobytes Andorra;Carrer els Marginets, 7 3-3AD500 ANDORRA LA VELLA Andorra, Principality of;;;jlorite@nanobytes.es
Gold Partner;CIEL IT, Inc.;2035 Sunset Lake Road Suite B-2Newark - Delaware,  19702United States;;;sales@ciel-it.com
Silver Partner;SCRIMO GmbH;Bäckermühlweg 744030 Linz Austria;+43 (0) 732 931 650;http://www.scrimo.com/;office@scrimo.com
Silver Partner;Niboo SPRL;NibooBoulevard du Souverain 241170 Watermael-Boitsfort Belgium;+32 487 02 79 13;http://www.niboo.com;info@niboo.com
Gold Partner;OBS Solutions Denmark;Larsbjornsstraede 31454 Copenhagen Denmark;+45 65 74 17 59;http://www.odoo-bs.com;danmark@odoo-bs.com
Gold Partner;Dynamik Technologies Sdn Bhd;Level 7, Design & Technology Building Anggerek Desa Tech Park Spg. 32-37, Kg. Anggerek Desa Berakas BB3713Negara Brunei Darussalam;;https://www.cendana.com.bn;farhanna.pura@dynamiktechnologies.com.bn
Silver Partner;Averti Infotech;Al Khuwair Street Muscat Oman;+968 9948 3900;http://www.averti.tech;info@averti.tech
Silver Partner;PUNT SISTEMES SLU;C/ Corretger, 31,  Parc Empresarial 46980 Paterna (Valencia) Spain;+34963592833;http://www.puntsistemes.es ;jsolera@puntsistemes.es
Silver Partner;FORGEFLOW, S.L.;c/Aragó 247, Principal 2a08007 Barcelona Spain;(+34) 934615975;http://www.forgeflow.com;jordi.ballester@forgeflow.com
Silver Partner;Trilab;ul. Stara Droga 805-806 Komorów/Warsaw Poland;+48 609 094 019;https://trilab.pl;odoo@trilab.pl
Silver Partner;AOS;Avenue de l'YserImm.Bol de Jade237923119 Bamako Mali;+22344277060;http://www.aosmali.com;contact@aosmali.com
Silver Partner;Cadr'in Situ;6 ter rue Emilie CHOLOIS 79000 NIORT79000 NiortFrance;+33 5 49 17 11 66;http://www.cadrinsitu.com;o.canal@cadrinsitu.com
Silver Partner;Smart Way Business Solutions;Shafa Badran StreetAli Sallam Trading Complex, Floor 4 - Office 40111953 Amman Jordan;962 6 523 1318;https://www.smartway.co;odoo@smartway.co
Silver Partner;Trinity Roots Co.,Ltd.;30/1 Soi Wachirathamsatit 51,Bang Chak, Phra Khanong, 10260 Bangkok ...Thailand;;www.trinityroots.co.th;info@trinityroots.co.th
Silver Partner;Neobis Business Software Solutions;Vlinderweg 22623AX Delft Netherlands;+31152191600;;walter.ruiter@neobis.net
Silver Partner;Oodu Implementers Private Limited;# 19, A Block, Kurinji Nagar,Civil Aerodrome(PO),Coimbatore 641014Tamil Nadu TNIndia;;;ganesh.v@odooimplementers.com
Silver Partner;Grupo Xmarts - Peru;Av. El Derby 254 Of 2501, Santiago de SurcoSantiago de Surco15023 Lima LimaPeru;;http://www.xmarts.com;peru@xmarts.com
Silver Partner;Taliform, Inc.;3rd CBC Corporate Center724 Shaw Boulevard1555 Mandaluyong Philippines;(+63) 9175750993, (+632) 7504-9676;;may@taliform.com
Silver Partner;Dynexcel;13 - J Gulberg III, Ali Zeb Main Road Near Firdous Market,Satiana Road Lahore | Faisalabad Pakistan;+923331616390, +923331616393;http://www.dynexcel.com;info@dynexcel.com
Silver Partner;Hermes d.o.o.;Prušnikova 21210 Ljubljana-Šentvid Slovenia;+386 1 51 04 210;http://www.hbs.si;odoo@hbs.si
Silver Partner;Consultoria Henca;Ave Helios No. 5, Bella Vista, Santo Domingo, D.N10012 Santo Domingo Dominican Republic;+1 (829) 9567567 & +1 (809) 803 7212;http://consultoriahenca.com/;juliano@consultoriahenca.com
Silver Partner;Hibou Corp.;6012 37th Place NEMarysville, WA 98270United States; 206-800-7778;https://hibou.io/;hello@hibou.io
Silver Partner; Aplicaciones y Programas Pensados en Ti - appti;Manuel Jose Othon 186, Of. 4-FColonia Transito, Alcaldia Cuauhtemoc06820 Ciudad de México EMXMexico;+5215519888009;;info@appti.mx
Silver Partner;Datasmith (Pty) Ltd;Gate 1, Victoria JunctionPrestwich street, Green Point8005 Cape Town 0081South Africa;0027214250005;http://www.erpweb.co.za;Brandon@datasmith.co.za
Silver Partner;YZIACT (SAS);8 Avenue de la Gare BP 1012426300 AlixanFrance;+33 475782835;http://www.yziact.fr;blaforge@yziact.fr
Silver Partner;ADONZE;49, Rue Saad Bnou Abi Wakkas20250 Casablanca Morocco;+212 6 66 22 44 14;http://www.adonze.com;contact@adonze.com
Silver Partner;Nurosoft Consulting;MARGOREJO INDAH XV / C-814Surabaya60238 Surabaya Indonesia;081336839003;https://nurosoft.id/;hello@nurosoft.id
Silver Partner;DiVeCon;Sepapaja 615551 Tallinn Estonia;+32485749494;https://divecon.eu;info@divecon.eu
Silver Partner;Ioppolo & Associates;Suite 6, 12/20 Railway RoadWA 60006008 Subiaco Australia;+61 1300 836 968;http:// www.odoo.com.au ;info@ioppolo.com.au
Silver Partner;Metadata Computer Systems;Zayed The First St. Behind Alhamra PlazaTower B - Office 15020 Abu Dhabi United Arab Emirates;0097126446414;http://www.metadatauae.com;info@metadatauae.com
Silver Partner;Tecnihand;c/ Casp, 130, 5-308013 Barcelona Spain;0034936 816 170‬;http://www.tecnihand.com;odoo@tecnihand.com
Silver Partner;Negozziare, S de RL de CV;Molina 59Centro44100 Guadalajara JALMexico;+52 33 8421 2022;https://www.negozziare.com/;samuel@negozziare.com
Silver Partner;Agile Business Group sagl;Via Pasture Genovesi, 166949 Comano  Switzerland;+41 91 210 23 40;www.agilebg.com;"info@agilebg.com; stefano.sforzi@agilebg.com"
Silver Partner;Open2Bizz;Engelenkampstraat 576131JE Sittard Netherlands;+31850020265;;thomas@open2bizz.nl
Silver Partner;ZABYCA Asociados  / MUNDO DIGITAL SMART CLICK ;Luxemburgo N34-80 y Holanda170504 Quito Ecuador;593 2 6041611;http:// www.zabyca.com;ventas@zabyca.com
Silver Partner;Acysos S.L.;Miguel Astrain 18, 1º Oficina A-B31006 Pamplona NASpain;+34948238905;https://www.acysos.com;info@acysos.com
Silver Partner;Phidias;Rue Frederic Joliot Curie 13013 MarseilleFrance;+33491-118-840;https://www.phidias.fr/;contact@phidias.fr
Silver Partner;Zeval Tecnologías S.A. de C.V.;Montecito 38 Piso 28 Oficina 16Colonia Napoles Municipio Benito Juárez Ciudad03810 Ciudad de México EMXMexico;+ 52 55 5603 8178, + 52 55 1107 0748;http://www.zeval.com.mx;ventas@zeval.com.mx
Silver Partner;much. GmbH;Paul-Heyse-Straße 2-480336 MünchenGermany;+491702263587;http://www.muchconsulting.de;simon.stappen@muchconsulting.de
Silver Partner;syscoon GmbH;Loh 777978 SchuttertalGermany;+49 7826 9663828;https://syscoon.com;info@syscoon.com
Silver Partner;BI Sales Management, SC;Calle Misión de La Paz 2993, interior 8, Zona Urbana Río Tijuana22010 Tijuana BCNMexico;+52 664 999 9999;http://www.dataliza.mx;info@dataliza.mx
Silver Partner;TeleNoc (هلكون لتقنية المعلومات);Al Mousa Office Buildings, Olaya, Tower No. 4, 2nd Floor, Office No. 425To.4Fl.2Of.42711565  Riyadh  Saudi Arabia;;http://www.telenoc.org/;contact@telenoc.org
Silver Partner;Avoin Systems;Kuortaneenkatu 200510 Helsinki Finland;+358 40 759 9695;https://avoin.systems/en/;"info@avoin.systems; rollo@avoin.systems"
Silver Partner;Asia Matrix Co., Ltd;Room 1005, 10th Floor, Delta Plaza, Bahan Tsp11211 Yangon Myanmar;+959783355904;https://www.asiamatrixsoftware.com;info@asiamatrixsoftware.com
Silver Partner;XETECHS S.A.;36 Ave 12-17 zona 5 jardines de la Asunción Norte01005 Guatemala City Guatemala;(502) 2277-2639;http://www.xetechs.com ;info@xetechs.com
Silver Partner;Edoo.me;Rua Fradique Coutinho, 113905416-011 São Paulo Brazil;51992525268;http://www.edoo.me ;contato@edoo.me
Silver Partner;Amaroo Solutions Limited;31 Upper Church RoadStroud GL5 4JF  Gloucestershire  United Kingdom;+44 1453 497 076;http://www.amaroosolutions.co.uk;info@amaroosolutions.co.uk
Silver Partner;Fairhall Solutions S.L.;Av.Ingnro Félix Sancho,3P.I.las Salinas11500 El Puerto de Santa Maria Spain;+34 956 05 99 20;http://www.fairhall.es;info@fairhall.es
Silver Partner;BEI IT CONSULTING SA DE CV;Paseo Arroyo Zarco #7Col. Bosquencinos64980 Monterrey NLMexico; +52 8111994368;http://www.beiit.net;victor.tella@bei.mx
Silver Partner;RDTRONIC;Centre d'Affaires Altéa41, Rue de la Pépinière97438 Sainte-Marie Réunion;+262 262 97 28 46;http://www.rdtronic.com;sandrine.duchet@rdtronic.com
Silver Partner;NextMove Business Solutions;The Gate, Tower 1, 2nd Floor. 63 Maysaloon StThe Gate, Tower 1, 2nd Floor. PO Box 2431824318 Doha Qatar;+974 3311 9311;http://www.nextmoveits.com;info@nextmoveits.com
Silver Partner;OdooAdvantage Ireland;1A, The Village Court, Lucan Co.Dublin Ireland;+35312549292  ;http://www.odoo.ie;az@odoo.ie
Silver Partner;Traction Consulting Group;28525 Beck Roadsuite 105Wixom, MI 48393United States;248-679-9454;http://tractioncrm.com;joew@tractioncrm.com
Silver Partner;Ascetic Business Solution LLP;A503,Empire Business HubScience City RdSola,Ahmedabad 380060Gujarat GJIndia;+91 9427425799, +91 8530000384;http://www.asceticbs.com;contact@asceticbs.com
Silver Partner;Mechsoft;K.Bak.Mah.Atilla İlhan Cad.Me.14Ataşehir34750 Istanbul Turkey;+90 2164649201;http://www.mechsoft.com.tr;info@mechsoft.com.tr
Silver Partner;NavyBits;Sea-Side highway, Jamal Abdul Nasser Street -  Next to Beirut Arab University    Mona Center 2nd floor1300 Tripoli - Mina Lebanon;+961 76 083 692;http://www.navybits.com;info@navybits.com
Silver Partner;Octupus Technologies SL;Calle Albasanz, 52 - 1º A28037 Madrid Spain;+ 34 687542055;https://www.octupus.es;jvalladolid@octupus.es
Silver Partner;KhmerDev;#18C & 20A, St. 418, Tuol Tom Puong12300 Phnom Penh Cambodia;+855 (0)23 211 940;http://www.khmerdev.com;contact@khmerdev.com
Silver Partner;Joop Solutions SAPI de CV;Valentin Gomez Farias 1804Col San Berdino50080 Toluca EMXMexico;+525541697159;;m.calvo@joopsolutions.com
Silver Partner;Amazing Business Solutions;PO BOX 355521418 Jeddah Saudi Arabia;+966 55 000 0903;http://amazingbizs.com;"info@amazingbizs.com; a.mateen@amazingbizs.com"
Silver Partner;PR Computer Services Corp;Carretera #1, Km.18.0 Intersección #873Bo. Los Frailes  00969 Guaynabo Puerto Rico;787-641-7727;http://www.prcomputer.net;jrodriguez@prcomputer.net
Silver Partner;NEXIT ;Pozos del Rey 1325, oficina 3 11811 Montevideo Uruguay;+598 97 476 466;http://www.nexit.com.uy;info@nexit.com.uy
Silver Partner;ARGIL CONSULTING SA DE CV;Oriente 4, #46-3 CentroOriente 4, #88, Interior 7, Colonia Centro94300 Orizaba VERMexico;+52 272 721 5449;http://www.argil.mx/;info@argil.mx
Silver Partner;IMPLEMENTO s.r.o.;Panská 14/236811 01 Bratislava Slovak Republic;+421 940 539 125;http://www.implemento.sk;support@implemento.sk
Silver Partner;VERTS Services India Private Limited;C-110, First Floor, Sector 63Sector 10Noida 201301Uttar Pradesh UPIndia;8510024446;www.verts.co.in;asharma@verts.co.in
Silver Partner;PSDC INC.;Urb. Los Angeles local 101 https://www.psdc.com.pa Panama;+507 3865013;;info@psdc.com.pa
Silver Partner;Browseinfo;A-310 Siddhivinayak Tower,Makarba Prahladnagar extension, Off SG highway,Ahmedabad 380051 India;+91-79-29700001;http://www.browseinfo.in;contact@browseinfo.in
Silver Partner;SIT & Think Digital;P.O.BOX 341422, Sultan BC, AbdulAziz St11333 RIYADH Saudi Arabia;+966 0552208580;;sit@musaidalsayyarco.com
Silver Partner;Pitaya Tech;4ta avenida 19-26 Empresarial 14Zona 1401014 Ciudad de Guatemala GUAGuatemala;+502 56900979 / +502 30221326;http://www.pitaya.tech;info@pitaya.tech
Silver Partner;Caret IT Solutions Pvt. Ltd.;709, Pratik Mall,Near City Pulse Theater, kudasan,Gandhinagar 382421 India;;http://www.caretit.com;sales@caretit.com
Silver Partner;AnaConEx Solutions (HCS);Mezzanine Floor, 5-C, Phase 7Khayaban-e-Ittehad, DHA75400 Karachi Pakistan;+92 300 8233223;http://www.anaconex.com;tanveer@anaconex.com
Silver Partner;Prime Minds Consulting Private Limited;22nd Floor, World Trade CenterBrigade Gateway Campus, MalleshwaramBangalore 560055Karnataka KAIndia;+91 994 537 9059;;sales@primemindsconsulting.com
Silver Partner;IATL International Co Ltd;69 Albaladia Street13315 Khartoum Sudan;2733;http://www.iatl-sd.com;apps@iatl-sd.com
Silver Partner;Allion Technologies (Pvt) Ltd;No 162 2/1, Nawala Road, 10250 Nugegoda Sri Lanka;(+94) 11 2854425       ;http://www.alliontechnologies.com/;sales@alliontechnologies.com
Silver Partner;Representaciones e Inversiones DEEL S.A.;Calle 35A44448 San Jose Costa Rica;+506 70140669;;deelsa@mail.com
Silver Partner;Tecnativa S.L;Calle Gredos, 2, 1 B 28231 Las Rozas de Madrid MSpain;;https://www.tecnativa.com;odoo@tecnativa.com
Silver Partner;Quilsoft;Boedo 711876 Bernal BArgentina;+54 11 5272 2942;https://www.quilsoft.com/sistema-de-gestion-erp/?utm_source=odoo_partner;info@quilsoft.com
Silver Partner;SafeComs Network Security Consulting Co.,  Ltd.;36/31 P.S.Tower, 11th Floor, Sukhumvit 21 Road (Asoke Road)     Klongtoey Nua, Wattana, Bangkok 10110Klongtoey Nua, Wattana,10110 Bangkok Thailand;+6621054520;https://www.safecoms.co.th;sales@safecoms.com
Silver Partner;ITVISION UAB;Ukmerges 322LT-12129 Vilnius Lithuania;+370 608 77777;http://www.erp.lt;info@itvision.lt
Silver Partner;Layline Tech;Maale Haashalim 164029700 Michmoret Israel;+97209752211;http://www.laylinetech.com;naomi@laylinetech.com
Silver Partner;Interfaces S.A.;Aviadores del Chaco 2351 esq. Herib Campos Cervera. Edificio Plaza Center Santa Teresa 7B2531 Asunción Paraguay;+595 21 689 8222;;info@interfaces.com.py
Silver Partner;Aldaïs Consulting;Aldaïs Consulting 60 Quai Richelieu33 000 BordeauxFrance; +33 6 12 17 82 26;http://www.aldais.com ;yann.mignon@aldais.com
Silver Partner;SMART Business Coaching;Av. Ludwig Van Beethoven # 5612Int. S Col. Residencial La Estancia45030 Zapopan JALMexico;+52 (33) 1580.9423;;odoo@smartbc.net
Silver Partner;Matt O'Bell Ltd;Oluwatobi House(Fl.2)73Allen Avenue0 Lagos,Ikeja 0Nigeria;+234 806 003 1112;http://www.mattobell.net;ojo.bello@mattobell.net
Silver Partner;AdaLogic LLC;2928 Union AveSan Jose, CA 95124United States;;https://adalogic.co;dshah@adalogic.co
Silver Partner;IT as a Service Co., Ltd.;9/179 M.8 T.Sumrongnue Moung District,Samutprakarn Province,10270 Bangkok Thailand;;http://www.itaas.co.th;info@itaas.co.th
Silver Partner;Paradigm Digital (Pty) Ltd;251 Muckleneuk Street0181 Pretoria  South Africa;+27 826937865;http://www.paradigmdigital.co.za;info@paradigmdigital.co.za
Silver Partner;TI CHILE LTDA;San Antonio 378 Oficina 808740000 Santiago Chile; +56 2 25709294 ;http://www.tichile.cl/;"cristian@tichile.cl; Gestion@tichile.cl"
Silver Partner;B-informed Asia;Spazio Office Building 5th Floor,  Unit 525 A  Kompleks Graha Festival Kav. No. 3Jl. Mayjen Yono Soewoyo Graha Famili - Surabaya Indonesia;+62(31) 60018536;http://www.b-informed.id;office@b-informed.id
Silver Partner;SimplicIT;6, rue de Wolfenbüttel 92310 SèvresFrance;+33 1 84 19 46 49;https://www.simplicit.eu/;contact@simplicit.pro
Silver Partner;Ever Gulf Co. W.L.L.;7th floor-Office 29 Al Reem Tower, West Bay, 17798 Doha Qatar;+974 4469 9472;http://www.everbsgroup.com ;info@ever-bs.com
Silver Partner;WANTECH Innovation Technology Limited;Unit 206, 2/F, Premier Centre, 20 Cheung Shun Street, Cheung Sha Wan, KLN., H.K. 0 KLN Hong Kong;+852 8108 0288;http://www.WANTECH.com.hk ;enquiry@wantech.com.hk
Silver Partner;Peerless ltd.;48 Geziret El Arab StMohandessen12411 Giza Egypt;+2 01207933206  +202 33425555;https://www.peerless-tech.com/;sales@peerless-tech.com
Silver Partner;Moogah ;Almte. Onofre Betbeder 1464 núñez. Buenos Aires  Argentina;+54 9 11 6200-4000;http://www.moogah.com;martin@moogah.com
Silver Partner;Odoo House ApS;Boulevarden 138300 Odder Denmark;+45 7199 7166;https://odoohouse.dk;annette@odoohouse.dk
Silver Partner;Falinwa France;8 Place Saint-Sernin 31 000 ToulouseFrance;+33 6 49 70 27 61;https://www.falinwa.com/;jane.pedersen@falinwa.com
Silver Partner;IBAS Software Development Services;Unit 203, The Pergola Mall, Aguirre Avenue cor Gaches Street, Paranaque City,1700 Metro Manila, Philippines;+63.02.8053627;http://www.ibasuite.com;odoo@ibasuite.com
Silver Partner;Soltein S.A de CV;ISLOTE 2941JARDINES DE SAN JOSE44950 GUADALAJARA JALMexico;+5219981595872;https://www.soltein.net/;gerencia@soltein.net
Silver Partner;OS Consulting Group Limited1;Rm 509-510, Stag Building,148-150 Queen's Road Central, Central Hong Kong;+852 3527 0252 (HK);http://www.oscg.com.hk/;kw@oscg.com.hk
Silver Partner;PT. Eka Reka Palakerti Indonesia (ERP Indonesia);Jl. Panda Timur No 17, Palebon, Pedurungan50199 Semarang Indonesia;+6289619952015;http://erpindonesia.co.id;anang@erpindonesia.co.id
Silver Partner;D4E - Digital4Efficiency Sàrl;Chemin du Pré-Fleuri,51228 Plan-les-Ouates Switzerland;;http://www.digital4efficiency.ch;info@digital4efficiency.ch
Silver Partner;Cabatel S.A;Sanlucar 1491 - Carrasco Montevideo Uruguay;+598  92 754 575;http://www.cabatel.com.uy;info@cabatel.com.uy
Silver Partner;Sync Lab s.r.l.;Via G. Porzio, CDN is. B880143 Napoli Italy;+39 081 787 50 30;;odoo@synclab.it
Silver Partner;MCEE Business Solutions Limited;42, Lobito Crescent, Off Adetokunbo Ademola Crescent Wuse II Abuja Nigeria;+234(0)7039239885;;mnjoku@mceesolutions.com
Silver Partner;INFORISE;Diplomatic Area Road 1805 |  block 318 | Building 337 | Office 14Road 1805 Building 337 Manama Bahrain;+(973) 77366444;http://inforiseit.com;info@inforiseit.com
Silver Partner;Arnaldo C. Castro S.A.;Julio Herrera y Obes 162611100 Montevideo Uruguay;+59829027000;http://arnaldocastro.com.uy;Virginia.GarciaMorales@arnaldocastro.com.uy
Silver Partner;Novator;468-C Adamjee Nagar, Off Amir Khusro Road,Co-operative Housing Society, Block 7/8,75400 Karachi Pakistan;+92 21 37237424;https://www.novator.co;hasan@novator.co
Silver Partner;AP Business Software;40/3 Ash Road, Kyalami, Johannesburg1684  Johannesburg South Africa;+27 11 706 1545;www.ap-accounting.co.za;peterd@ap-accounting.co.za
Silver Partner;IT Brasil;Av. das Nações Unidas, 12901 - Brooklin04578-910 Sao Paulo Brazil;+55 11 48618060/ 19 31131000/ 19 996091818;http://itbrasil.com.br;contato@itbrasil.com.br
Silver Partner;PIXKUA;SAN JUAN 1068 INT 29, COLONIA REAL DEL VALLE45654 TLAJOMULCO DE ZUÑIGA JALMexico;+52 33 8526 1683;https://pixkua.com;odoo@pixkua.com
Silver Partner;SAMSA-IT GmbH;Schillerstr. 1976356 Weingarten (Baden)Germany;+49 1516 5456040;http://www.samsa-it.de;info@samsa-it.de
Silver Partner;Magenest ., JSC;300De La Thanh StreetTam Hiep Commune100000 Thanh Tri District,Hanoi Vietnam;+84982649488;http://www.magenest.com/;sales@magenest.com
Silver Partner;Niboo;9900 Boulevard Louis-H. La FontaineAnjou,  H1J 2W3Canada;(833) 226 4266;;brieuc@niboo.com
Silver Partner;Binary Pulse, LLC;25 South Arizona Place, Suite 310Chandler, AZ 85225United States;480.633.8324;http://bpulse.net/;broberts@bpulse.net
Silver Partner;Systems Services, Inc.;3538 Cole DriveBaton Rouge,  70806United States;2257691979;;kyle@ssibtr.com
Silver Partner;Integrated Technology Software Solutions ;8183, Al Hadaba Al Oulia, Street 9, Mokattam Cairo Egypt;00201032333005;http://www.itss-c.com ;"web@itss-c.com; ahmedmahdy@itss-c.com; Mostafa.Rady@itss-c.com"
Silver Partner;PT. Sumihai Teknologi Indonesia;Jl.Daan Mogot II no.100 Blok MN Jakarta Barat Indonesia;+628151638886;https://www.sumihai.co.id/;infosumihai@gmail.com
Silver Partner;26HOUSE s.r.o.;Vajnorská 98/D83104 Bratislava Slovak Republic;+421 907 239 499;;odoo@26house.com
Silver Partner;Eco Tech;Ahmed Al Jaber  st., Al Zumorrohad Tower, 18th FloorAl  Mirqab , Building NBT15000 Kuwait Kuwait;+96597223308;;m.murshed@ecotechq8.com
Silver Partner;Comstar Pakistan ;6th Floor ILACO HouseAbdullah Haroon Road Karachi Pakistan;;http://comstar.com.pk/;aaltaf@comstarusa.com
Silver Partner;Mazi Systems;6752 Lakeridge DriveLong Grove, IL 60047United States;;;
Silver Partner;Grupo Xmarts - República Dominicana;El Condado, calle 3ra No 17Altos de Arroyo Hondo Santo Domingo Dominican Republic;;http://www.xmarts.com;dominicana@xmarts.com
Silver Partner;Safecoms Myanmar Co Ltd;Parkside One Building, 271-273, Bagayar Street, Sanchaung Township,  Yangon Myanmar;+959266860079;;scmy@safecoms.com
Silver Partner;WMSSoft Pty Ltd;Building 4, 195 Wellington Rd3168 Clayton Australia;;;sales@wmssoft.com.au
Silver Partner;Prime Spectrum;;;;
Silver Partner;INFORMATICA SISTEMES I TECNOLOGIA DIGITAL SL;;;;
Silver Partner;OTB Africa;15th floor, View Park TowersMonrovia Street, Opp. Alliance Francaise22918 - 00100 Nairobi Kenya;+254 202 498 997;http://www.otbafrica.com/;info@otbafrica.com
Silver Partner;General Procurement;2601 Walnut Ave.Tustin, CA 92780United States;9496797960;http://generalprocurement.com;info@generalprocurement.com
Silver Partner;Value Mine Technology Limited;Rm 836, 8/F, Rykadan Capital Tower, No. 135 Hoi Bun Road Kwun Tong Hong Kong;+852 31165004;https://www.valueminetech.com/;jeffrey.kam@valueminetech.com
Silver Partner;GMO-Z.com RUNSYSTEM;6th and 12th Floor, Ocean Park Building, No.1, Dao Duy Anh Street,Phuong Mai Ward, Dong Da District, Hanoi City Vietnam;+84 24 3772 4304;https://runsystem.net/;"thaonn@runsystem.net; lampd@runsystem.net; trangnl@runsystem.net"
Silver Partner;LEITH Solutions KSA;Riyadh Riyadh Saudi Arabia;+966 54 381 9943;http://www.leithsolutions.net;m.helmy@leithsolutions.net
Silver Partner;e-cosi;4 avenue Marcellin Berthelot 44821 SAINT HERBLAIN Cedex44800 Saint HerblainFrance;+33 2 85­ 52 47 50;http://www.e-cosi.com;contact@e-cosi.com
Silver Partner;Ergo Ventures Pvt. Ltd.;House-147B, Road-22,  Mohakhali DOHS, Dhaka-1206 Bangladesh; +88 0193 88 55500 ;http://www.ergo-ventures.com;info@ergo-ventures.com
Silver Partner;IFE GmbH;Switzerland;;http://www.ife.de/;wm@ife.de
Silver Partner;AVALANTEC Business Innovations;Heredia Centro de Relojería el Loga 125 oeste Heredia Costa Rica;;http://www.avalantec.com;ventas@avalantec.com
Silver Partner;SPA SMARTEST Algeria;Route des DunesLotissement 617, Division 4 Cheraga Algeria;+213560312904;;odoo@smartest.dz
Silver Partner;IT-SYS Corporation - KSA;Southern Circular Road - Ta'meer Riyadh Buidlings Riyadh Saudi Arabia;;http://www.it-syscorp.com;Info.ksa@it-syscorp.com
Silver Partner;Planet-Odoo;424 Neo Corporate Plaza Cabin A,Ramchandra Lane Extention, Malad WestMumbai 400064Maharashtra MHIndia;;http://www.planet-odoo.com;info@planet-odoo.com
Silver Partner;Comstar USA;1 Corporate DriveCranbury, NJ 08512.United States;1-888-244-1292;http://comstarusa.com;odoo@comstarusa.com
Silver Partner;LOO;SAN IGNACIO9710000 Padre Hurtado Chile;+56 9 90093454;;contacto@odooerp.cl
Silver Partner;Emerald-IT S.A de C.V.;Ricardo Margain #50Col. Santa Engracia66267 San Pedro Garza García NLMexico;;http://emerald-it.com;carlos@emerald-it.com
Silver Partner;Business Analytics Consulting Group S.A. de C.V.;Edif.Centro Comercial Morazan, Torre 1, #8, Of.10813,Blvd. Morazan, frente Mall Dorado, Tegucigalpa,  Francisco Morazan Honduras; +504-2263-2224 (BACG);http://www.bacgroup.net/;contacto@bacgroup.net
Silver Partner;White-Code KSA;32246 Al-Jalawiah - King Saud St. Dammam Saudi Arabia;;;ksa@white-code.co.uk
Silver Partner;BaseUp Labs;S&L Building, 101 Esteban St.,Legaspi Village, Makati City Makati City Philippines;+63277507205;http://baseuplabs.com;hello@baseuplabs.com
Silver Partner;Tecnika Global, SA de CV;Aguilar Barraza y Paliza 402 Sur.Col. Miguel Alemán80200 Culiacán SINMexico;;http://www.tecnika.com.mx;tecnika@tecnika.com.mx
Silver Partner;Qualsys Consulting, S.C.;Laguna de Términos 221 Int. 608-ACol Granada11520 Ciudad de México EMXMexico;525552553576;http://www.qualsys.com.mx;alma_gonzalez@qualsys.com.mx
Silver Partner;PT Bumi Amartha Teknologi Mandiri(AMARTEK);Menara Batavia, 12A Floor, Jl. K.H. Mas Mansyur Kav. 12610220 Jakarta Indonesia;+62-21-3970-8371  / +628111903373 ;https://batmandiri.com/wpbatm/;martinus.getty.santika@batmandiri.com
